player_name,position,team,nfc_adp,ppr_points,standard_points,half_ppr_points,ppr_points_per_game,standard_points_per_game,half_ppr_points_per_game,last_updated,exp_games_missed
Ja'Marr Chase,WR,CIN,1.2,343.3,227.0,285.15,20.81,13.76,17.28,2025-01-01T00:00:00Z,0
Bijan Robinson,RB,ATL,2.6,320.67,261.67,291.17,20.04,16.35,18.2,2025-01-01T00:00:00Z,0
Jahmyr Gibbs,RB,DET,4.3,312.13,254.83,283.48,19.51,15.93,17.72,2025-01-01T00:00:00Z,0
Saquon Barkley,RB,PHI,4.9,313.1,273.8,293.45,19.57,17.11,18.34,2025-01-01T00:00:00Z,0
Justin Jefferson,WR,MIN,5.4,312.97,205.27,259.12,18.97,12.44,15.7,2025-01-01T00:00:00Z,0
CeeDee Lamb,WR,DAL,5.9,307.8,193.5,250.65,18.65,11.73,15.19,2025-01-01T00:00:00Z,0
Malik Nabers,WR,NYG,9.7,298.64,190.34,244.49,18.1,11.54,14.82,2025-01-01T00:00:00Z,0
Amon-Ra St. Brown,WR,DET,10.3,284.36,174.36,229.36,17.23,10.57,13.9,2025-01-01T00:00:00Z,0
Ashton Jeanty,RB,LV,10.6,274.5,222.8,248.65,17.16,13.93,15.54,2025-01-01T00:00:00Z,0
Christian McCaffrey,RB,SF,12.4,290.33,226.63,258.48,18.73,14.62,16.68,2025-01-01T00:00:00Z,0
Puka Nacua,WR,LAR,12.4,292.47,187.17,239.82,18.28,11.7,14.99,2025-01-01T00:00:00Z,0
Brian Thomas Jr.,WR,JAX,12.79,278.66,185.33,231.995,16.88,11.23,14.06,2025-01-01T00:00:00Z,0
Derrick Henry,RB,BLT,13.8,275.73,258.43,267.08,17.23,16.15,16.69,2025-01-01T00:00:00Z,0
De'Von Achane,RB,MIA,13.9,283.43,213.73,248.58,17.71,13.36,15.54,2025-01-01T00:00:00Z,3
Nico Collins,WR,HST,14.6,277.2,186.2,231.7,17.32,11.64,14.48,2025-01-01T00:00:00Z,0
Drake London,WR,ATL,16.6,264.64,169.34,216.99,16.04,10.26,13.15,2025-01-01T00:00:00Z,0
Brock Bowers,TE,LV,19.0,255.8,150.5,203.15,15.5,9.12,12.31,2025-01-01T00:00:00Z,0
Bucky Irving,RB,TB,21.0,257.3,212.0,234.65,16.08,13.25,14.67,2025-01-01T00:00:00Z,0
A.J. Brown,WR,PHI,21.1,260.83,175.53,218.18,15.81,10.64,13.22,2025-01-01T00:00:00Z,0
Ladd McConkey,WR,LAC,22.2,251.56,160.86,206.21,15.25,9.75,12.5,2025-01-01T00:00:00Z,0
Jonathan Taylor,RB,IND,22.6,263.67,232.97,248.32,16.48,14.56,15.52,2025-01-01T00:00:00Z,0
Josh Jacobs,RB,GB,22.8,278.9,239.2,259.05,17.43,14.95,16.19,2025-01-01T00:00:00Z,0
Lamar Jackson,QB,BLT,23.5,369.98,369.98,369.98,22.42,22.42,22.42,2025-01-01T00:00:00Z,0
Josh Allen,QB,BUF,24.3,369.66,369.66,369.66,22.4,22.4,22.4,2025-01-01T00:00:00Z,0
Chase Brown,RB,CIN,25.0,257.8,199.5,228.65,16.11,12.47,14.29,2025-01-01T00:00:00Z,0
Trey McBride,TE,ARZ,26.8,245.97,141.27,193.62,14.91,8.56,11.73,2025-01-01T00:00:00Z,0
Kyren Williams,RB,LAR,28.0,260.83,227.13,243.98,16.3,14.2,15.25,2025-01-01T00:00:00Z,0
Garrett Wilson,WR,NYJ,28.3,231.03,143.03,187.03,14.0,8.67,11.34,2025-01-01T00:00:00Z,0
Jaxon Smith-Njigba,WR,SEA,29.5,236.23,145.53,190.88,14.32,8.82,11.57,2025-01-01T00:00:00Z,0
Joe Burrow,QB,CIN,31.2,336.52,336.52,336.52,20.4,20.4,20.4,2025-01-01T00:00:00Z,0
Tee Higgins,WR,CIN,31.6,256.07,167.37,211.72,16.0,10.46,13.23,2025-01-01T00:00:00Z,0
Tyreek Hill,WR,MIA,32.5,261.5,167.8,214.65,15.85,10.17,13.01,2025-01-01T00:00:00Z,0
Jayden Daniels,QB,WAS,33.2,357.83,357.83,357.83,21.69,21.69,21.69,2025-01-01T00:00:00Z,0
Breece Hall,RB,NYJ,35.0,224.47,178.17,201.32,14.03,11.14,12.58,2025-01-01T00:00:00Z,0
Davante Adams,WR,LAR,38.3,258.23,170.93,214.58,15.65,10.36,13.0,2025-01-01T00:00:00Z,0
James Cook,RB,BUF,38.9,241.83,208.13,224.98,15.11,13.01,14.06,2025-01-01T00:00:00Z,0
Jalen Hurts,QB,PHI,39.4,360.6,360.6,360.6,21.85,21.85,21.85,2025-01-01T00:00:00Z,0
Omarion Hampton,RB,LAC,40.8,224.56,189.26,206.91,14.04,11.83,12.93,2025-01-01T00:00:00Z,0
Mike Evans,WR,TB,41.2,242.37,164.67,203.52,15.15,10.29,12.72,2025-01-01T00:00:00Z,0
Terry McLaurin,WR,WAS,41.4,243.4,162.7,203.05,14.75,9.86,12.31,2025-01-01T00:00:00Z,0
George Kittle,TE,SF,43.5,229.03,152.33,190.68,14.31,9.52,11.92,2025-01-01T00:00:00Z,0
DJ Moore,WR,CHI,43.8,232.73,145.03,188.88,14.1,8.79,11.45,2025-01-01T00:00:00Z,0
Xavier Worthy,WR,KC,46.6,218.8,147.8,183.3,13.26,8.96,11.11,2025-01-01T00:00:00Z,0
Rashee Rice,WR,KC,47.6,197.2,122.5,159.85,15.78,9.8,12.79,2025-01-01T00:00:00Z,6
Alvin Kamara,RB,NO,48.1,256.54,189.54,223.04,16.55,12.23,14.39,2025-01-01T00:00:00Z,0
Courtland Sutton,WR,DEN,48.4,220.67,145.37,183.02,13.37,8.81,11.09,2025-01-01T00:00:00Z,0
Chuba Hubbard,RB,CAR,48.9,229.54,186.24,207.89,14.35,11.64,12.99,2025-01-01T00:00:00Z,0
DK Metcalf,WR,PIT,49.1,236.63,158.33,197.48,14.34,9.6,11.97,2025-01-01T00:00:00Z,0
Jameson Williams,WR,DET,53.6,203.9,142.6,173.25,12.36,8.64,10.5,2025-01-01T00:00:00Z,0
Tetairoa McMillan,WR,CAR,53.7,206.83,132.53,169.68,12.54,8.03,10.28,2025-01-01T00:00:00Z,0
DeVonta Smith,WR,PHI,54.5,220.34,138.64,179.49,13.35,8.4,10.88,2025-01-01T00:00:00Z,0
Zay Flowers,WR,BLT,57.2,211.26,139.56,175.41,12.8,8.46,10.63,2025-01-01T00:00:00Z,0
TreVeyon Henderson,RB,NE,57.4,207.9,169.6,188.75,12.6,10.28,11.44,2025-01-01T00:00:00Z,0
James Conner,RB,ARZ,57.4,233.3,190.6,211.95,14.58,11.91,13.25,2025-01-01T00:00:00Z,0
Patrick Mahomes,QB,KC,59.8,320.8,320.8,320.8,19.44,19.44,19.44,2025-01-01T00:00:00Z,0
George Pickens,WR,DAL,62.5,214.33,143.33,178.83,12.99,8.69,10.84,2025-01-01T00:00:00Z,0
Jerry Jeudy,WR,CLV,63.2,218.17,135.47,176.82,13.22,8.21,10.72,2025-01-01T00:00:00Z,0
Jaylen Waddle,WR,MIA,63.9,206.53,130.23,168.38,12.52,7.89,10.2,2025-01-01T00:00:00Z,0
Calvin Ridley,WR,TEN,64.4,210.0,141.7,175.85,12.73,8.59,10.66,2025-01-01T00:00:00Z,0
Sam LaPorta,TE,DET,65.1,185.9,116.2,151.05,11.27,7.04,9.15,2025-01-01T00:00:00Z,0
David Montgomery,RB,DET,66.8,198.46,166.46,182.46,12.4,10.4,11.4,2025-01-01T00:00:00Z,0
Rome Odunze,WR,CHI,67.5,194.54,127.24,160.89,11.79,7.71,9.75,2025-01-01T00:00:00Z,0
Baker Mayfield,QB,TB,68.0,311.7,311.7,311.7,18.89,18.89,18.89,2025-01-01T00:00:00Z,0
D'Andre Swift,RB,CHI,69.8,205.6,167.3,186.45,12.85,10.46,11.65,2025-01-01T00:00:00Z,0
Kaleb Johnson,RB,PIT,72.0,171.47,150.17,160.82,10.39,9.1,9.75,2025-01-01T00:00:00Z,0
Joe Mixon,RB,HST,72.7,183.5,151.2,167.35,14.12,11.63,12.87,2025-01-01T00:00:00Z,6
Chris Olave,WR,NO,73.2,194.57,118.27,156.42,12.16,7.39,9.78,2025-01-01T00:00:00Z,0
Aaron Jones,RB,MIN,74.4,200.36,155.36,177.86,12.52,9.71,11.12,2025-01-01T00:00:00Z,0
Bo Nix,QB,DEN,76.2,303.29,303.29,303.29,18.38,18.38,18.38,2025-01-01T00:00:00Z,0
Jakobi Meyers,WR,LV,76.4,210.63,127.93,169.28,12.77,7.75,10.26,2025-01-01T00:00:00Z,0
Isiah Pacheco,RB,KC,76.6,178.03,143.73,160.88,11.13,8.98,10.05,2025-01-01T00:00:00Z,0
Tony Pollard,RB,TEN,77.3,199.86,158.56,179.21,12.49,9.91,11.2,2025-01-01T00:00:00Z,0
Travis Hunter,WR,JAX,77.7,199.87,128.87,164.37,12.11,7.81,9.96,2025-01-01T00:00:00Z,0
Jordan Addison,WR,MIN,78.2,176.4,116.1,146.25,12.6,8.29,10.45,2025-01-01T00:00:00Z,0
RJ Harvey,RB,DEN,79.6,195.33,156.63,175.98,12.21,9.79,11.0,2025-01-01T00:00:00Z,0
Chris Godwin,WR,TB,79.7,190.83,119.13,154.98,14.68,9.16,11.92,2025-01-01T00:00:00Z,5
Jauan Jennings,WR,SF,81.0,186.07,119.07,152.57,11.28,7.22,9.25,2025-01-01T00:00:00Z,0
T.J. Hockenson,TE,MIN,81.3,182.47,106.17,144.32,11.06,6.43,8.75,2025-01-01T00:00:00Z,0
Deebo Samuel,WR,WAS,82.6,186.45,122.45,154.45,10.97,7.2,9.09,2025-01-01T00:00:00Z,0
Ricky Pearsall,WR,SF,83.1,182.97,120.67,151.82,11.09,7.31,9.2,2025-01-01T00:00:00Z,0
Travis Kelce,TE,KC,86.8,181.8,104.5,143.15,11.02,6.33,8.68,2025-01-01T00:00:00Z,0
Khalil Shakir,WR,BUF,89.3,185.97,110.97,148.47,11.27,6.73,9.0,2025-01-01T00:00:00Z,0
Jared Goff,QB,DET,90.0,274.12,274.12,274.12,16.61,16.61,16.61,2025-01-01T00:00:00Z,0
Brian Robinson,RB,WAS,90.2,104.0,90.0,97.0,6.93,6.0,6.47,2025-01-01T00:00:00Z,0
Stefon Diggs,WR,NE,91.8,188.47,112.47,150.47,11.78,7.03,9.4,2025-01-01T00:00:00Z,0
Emeka Egbuka,WR,TB,91.9,177.5,115.5,146.5,10.76,7.0,8.88,2025-01-01T00:00:00Z,0
Dak Prescott,QB,DAL,92.1,288.6,288.6,288.6,17.49,17.49,17.49,2025-01-01T00:00:00Z,0
Kyler Murray,QB,ARZ,92.4,311.38,311.38,311.38,18.87,18.87,18.87,2025-01-01T00:00:00Z,0
Cooper Kupp,WR,SEA,94.6,185.5,111.8,148.65,11.59,6.99,9.29,2025-01-01T00:00:00Z,0
Mark Andrews,TE,BLT,95.0,173.8,115.5,144.65,10.53,7.0,8.77,2025-01-01T00:00:00Z,0
Jayden Reed,WR,GB,95.3,165.36,111.36,138.36,10.67,7.18,8.93,2025-01-01T00:00:00Z,2
Josh Downs,WR,IND,97.6,176.5,107.2,141.85,10.7,6.5,8.6,2025-01-01T00:00:00Z,0
Jaylen Warren,RB,PIT,97.7,178.27,128.57,153.42,10.8,7.79,9.3,2025-01-01T00:00:00Z,0
Caleb Williams,QB,CHI,98.0,283.92,283.92,283.92,17.21,17.21,17.21,2025-01-01T00:00:00Z,0
Travis Etienne,RB,JAX,99.3,154.67,114.37,134.52,9.67,7.15,8.41,2025-01-01T00:00:00Z,0
Brock Purdy,QB,SF,101.0,308.6,308.6,308.6,18.7,18.7,18.7,2025-01-01T00:00:00Z,0
Evan Engram,TE,DEN,102.9,162.43,88.13,125.28,10.15,5.51,7.83,2025-01-01T00:00:00Z,0
Matthew Golden,WR,GB,103.9,192.8,128.8,160.8,11.68,7.81,9.75,2025-01-01T00:00:00Z,0
Jordan Mason,RB,MIN,106.5,135.7,120.0,127.85,8.22,7.27,7.75,2025-01-01T00:00:00Z,0
Zach Charbonnet,RB,SEA,107.7,138.23,104.23,121.23,8.38,6.32,7.35,2025-01-01T00:00:00Z,0
Michael Pittman,WR,IND,108.5,189.25,114.25,151.75,12.62,7.62,10.12,2025-01-01T00:00:00Z,0
Justin Herbert,QB,LAC,108.9,279.98,279.98,279.98,16.97,16.97,16.97,2025-01-01T00:00:00Z,0
David Njoku,TE,CLV,109.5,175.07,99.37,137.22,10.94,6.21,8.58,2025-01-01T00:00:00Z,0
Quinshon Judkins,RB,CLV,110.2,146.4,124.4,135.4,10.46,8.89,9.67,2025-01-01T00:00:00Z,0
Justin Fields,QB,NYJ,110.4,300.08,300.08,300.08,18.75,18.75,18.75,2025-01-01T00:00:00Z,0
J.K. Dobbins,RB,DEN,113.2,155.16,121.16,138.16,10.01,7.82,8.91,2025-01-01T00:00:00Z,0
Drake Maye,QB,NE,113.6,281.24,281.24,281.24,17.04,17.04,17.04,2025-01-01T00:00:00Z,0
Tyler Warren,TE,IND,113.8,159.67,98.67,129.17,9.68,5.98,7.83,2025-01-01T00:00:00Z,0
Jordan Love,QB,GB,116.6,268.2,268.2,268.2,16.25,16.25,16.25,2025-01-01T00:00:00Z,0
Javonte Williams,RB,DAL,117.7,136.1,103.1,119.6,8.51,6.44,7.47,2025-01-01T00:00:00Z,0
C.J. Stroud,QB,HST,118.6,273.34,273.34,273.34,16.57,16.57,16.57,2025-01-01T00:00:00Z,0
Keon Coleman,WR,BUF,119.8,167.2,117.5,142.35,10.13,7.12,8.63,2025-01-01T00:00:00Z,0
Cam Skattebo,RB,NYG,119.9,127.96,101.66,114.81,7.76,6.16,6.96,2025-01-01T00:00:00Z,0
Darnell Mooney,WR,ATL,119.9,165.34,107.64,136.49,11.02,7.18,9.1,2025-01-01T00:00:00Z,3
Najee Harris,RB,LAC,122.2,116.0,95.3,105.65,7.03,5.78,6.4,2025-01-01T00:00:00Z,0
Rhamondre Stevenson,RB,NE,123.1,155.4,125.7,140.55,9.71,7.86,8.78,2025-01-01T00:00:00Z,0
Tucker Kraft,TE,GB,123.6,152.4,95.4,123.9,9.24,5.78,7.51,2025-01-01T00:00:00Z,0
Christian Kirk,WR,HST,127.2,147.2,92.2,119.7,8.92,5.59,7.25,2025-01-01T00:00:00Z,0
J.J. McCarthy,QB,MIN,128.2,277.52,277.52,277.52,16.82,16.82,16.82,2025-01-01T00:00:00Z,0
Trevor Lawrence,QB,JAX,128.4,276.18,276.18,276.18,16.74,16.74,16.74,2025-01-01T00:00:00Z,0
Marvin Mims,WR,DEN,129.6,142.1,98.1,120.1,8.36,5.77,7.06,2025-01-01T00:00:00Z,0
Rashid Shaheed,WR,NO,134.4,168.87,113.87,141.37,10.55,7.12,8.84,2025-01-01T00:00:00Z,0
Brandon Aiyuk,WR,SF,136.5,127.13,84.13,105.63,10.59,7.01,8.8,2025-01-01T00:00:00Z,0
Dalton Kincaid,TE,BUF,136.7,141.73,85.03,113.38,8.59,5.15,6.87,2025-01-01T00:00:00Z,0
Tank Bigsby,RB,JAX,138.6,124.4,112.1,118.25,7.54,6.79,7.17,2025-01-01T00:00:00Z,0
Tyjae Spears,RB,TEN,138.9,137.5,101.8,119.65,8.87,6.57,7.72,2025-01-01T00:00:00Z,0
Jayden Higgins,WR,HST,139.2,150.0,96.3,123.15,9.09,5.84,7.46,2025-01-01T00:00:00Z,0
Jonnu Smith,TE,PIT,139.5,132.83,79.53,106.18,8.05,4.82,6.44,2025-01-01T00:00:00Z,0
Jake Ferguson,TE,DAL,143.2,148.5,82.5,115.5,9.0,5.0,7.0,2025-01-01T00:00:00Z,0
Rashod Bateman,WR,BLT,145.2,150.13,105.43,127.78,9.1,6.39,7.74,2025-01-01T00:00:00Z,0
Trey Benson,RB,ARZ,146.3,116.23,99.93,108.08,7.04,6.06,6.55,2025-01-01T00:00:00Z,0
Colston Loveland,TE,CHI,147.6,140.87,84.17,112.52,8.54,5.1,6.82,2025-01-01T00:00:00Z,0
Isaac Guerendo,RB,SF,147.8,97.83,84.53,91.18,5.93,5.12,5.53,2025-01-01T00:00:00Z,0
Ray Davis,RB,BUF,148.6,101.43,90.43,95.93,6.15,5.48,5.81,2025-01-01T00:00:00Z,0
Kyle Pitts,TE,ATL,149.4,135.97,86.97,111.47,8.24,5.27,6.76,2025-01-01T00:00:00Z,0
Rachaad White,RB,TB,149.9,129.53,98.53,114.03,8.1,6.16,7.13,2025-01-01T00:00:00Z,0
Wan'Dale Robinson,WR,NYG,153.8,155.63,83.63,119.63,9.43,5.07,7.25,2025-01-01T00:00:00Z,0
Bryce Young,QB,CAR,156.8,264.55,264.55,264.55,16.03,16.03,16.03,2025-01-01T00:00:00Z,0
Jaydon Blue,RB,DAL,157.0,117.97,93.67,105.82,7.15,5.68,6.41,2025-01-01T00:00:00Z,0
Tua Tagovailoa,QB,MIA,158.2,266.04,266.04,266.04,16.63,16.63,16.63,2025-01-01T00:00:00Z,0
Dylan Sampson,RB,CLV,158.6,88.93,70.23,79.58,5.39,4.26,4.82,2025-01-01T00:00:00Z,0
Bhayshul Tuten,RB,JAX,159.2,95.4,76.4,85.9,5.78,4.63,5.21,2025-01-01T00:00:00Z,0
Dallas Goedert,TE,PHI,159.9,163.15,99.65,131.4,9.6,5.86,7.73,2025-01-01T00:00:00Z,0
Cedric Tillman,WR,CLV,162.1,150.33,93.63,121.98,9.11,5.67,7.39,2025-01-01T00:00:00Z,0
Keenan Allen,WR,LAC,162.6,156.6,97.9,127.25,9.79,6.12,7.95,2025-01-01T00:00:00Z,0
Jalen McMillan,WR,TB,164.9,29.3,19.3,24.3,3.26,2.14,2.7,2025-01-01T00:00:00Z,0
Matthew Stafford,QB,LAR,165.4,255.08,255.08,255.08,15.94,15.94,15.94,2025-01-01T00:00:00Z,0
Quentin Johnston,WR,LAC,167.0,115.97,78.27,97.12,7.03,4.74,5.89,2025-01-01T00:00:00Z,0
Jaylen Wright,RB,MIA,167.6,99.6,85.3,92.45,6.04,5.17,5.6,2025-01-01T00:00:00Z,0
Braelon Allen,RB,NYJ,168.0,95.53,78.23,86.88,5.79,4.74,5.27,2025-01-01T00:00:00Z,0
Tyler Allgeier,RB,ATL,168.1,102.64,89.34,95.99,6.22,5.41,5.82,2025-01-01T00:00:00Z,0
Rico Dowdle,RB,CAR,169.1,99.77,75.47,87.62,6.05,4.57,5.31,2025-01-01T00:00:00Z,0
Austin Ekeler,RB,WAS,169.3,154.83,109.83,132.33,9.68,6.86,8.27,2025-01-01T00:00:00Z,0
Adam Thielen,WR,CAR,172.0,158.7,95.0,126.85,9.92,5.94,7.93,2025-01-01T00:00:00Z,0
Xavier Legette,WR,CAR,173.3,136.66,84.66,110.66,8.28,5.13,6.71,2025-01-01T00:00:00Z,0
Isaiah Likely,TE,BLT,173.4,116.3,77.0,96.65,7.5,4.97,6.24,2025-01-01T00:00:00Z,0
Jerome Ford,RB,CLV,173.7,111.7,81.0,96.35,6.77,4.91,5.84,2025-01-01T00:00:00Z,0
Cam Ward,QB,TEN,174.7,244.4,244.4,244.4,15.28,15.28,15.28,2025-01-01T00:00:00Z,0
DeMario Douglas,WR,NE,175.5,139.65,82.65,111.15,8.46,5.01,6.74,2025-01-01T00:00:00Z,0
Sam Darnold,QB,SEA,176.6,235.75,235.75,235.75,14.73,14.73,14.73,2025-01-01T00:00:00Z,0
Geno Smith,QB,LV,179.7,261.48,261.48,261.48,15.85,15.85,15.85,2025-01-01T00:00:00Z,0
Hunter Henry,TE,NE,180.0,142.23,85.53,113.88,8.62,5.18,6.9,2025-01-01T00:00:00Z,0
Kyle Williams,WR,NE,180.4,110.7,70.2,90.45,6.92,4.39,5.65,2025-01-01T00:00:00Z,0
Zach Ertz,TE,WAS,180.8,144.97,86.67,115.82,8.79,5.25,7.02,2025-01-01T00:00:00Z,0
Nick Chubb,RB,HST,182.0,107.47,96.17,101.82,7.41,6.63,7.02,2025-01-01T00:00:00Z,0
Romeo Doubs,WR,GB,183.0,133.17,85.87,109.52,8.07,5.2,6.64,2025-01-01T00:00:00Z,0
Blake Corum,RB,LAR,191.3,52.43,45.43,48.93,3.18,2.75,2.97,2025-01-01T00:00:00Z,0
Anthony Richardson,QB,IND,191.7,70.35,70.35,70.35,12.79,12.79,12.79,2025-01-01T00:00:00Z,8
Pat Freiermuth,TE,PIT,191.9,122.67,70.37,96.52,7.43,4.26,5.85,2025-01-01T00:00:00Z,0
Roschon Johnson,RB,CHI,193.1,92.54,74.24,83.39,5.61,4.5,5.05,2025-01-01T00:00:00Z,0
Brenton Strange,TE,JAX,193.3,131.8,75.5,103.65,7.99,4.58,6.28,2025-01-01T00:00:00Z,0
Aaron Rodgers,QB,PIT,199.0,233.5,233.5,233.5,14.15,14.15,14.15,2025-01-01T00:00:00Z,0
Jack Bech,WR,LV,201.2,112.2,68.9,90.55,6.8,4.18,5.49,2025-01-01T00:00:00Z,0
Justice Hill,RB,BLT,202.1,96.97,63.27,80.12,5.88,3.83,4.86,2025-01-01T00:00:00Z,0
Mike Gesicki,TE,CIN,202.4,120.33,71.03,95.68,7.29,4.3,5.8,2025-01-01T00:00:00Z,0
Cade Otton,TE,TB,205.8,127.37,76.67,102.02,7.72,4.65,6.18,2025-01-01T00:00:00Z,0
Chig Okonkwo,TE,TEN,207.4,142.1,83.1,112.6,8.88,5.19,7.04,2025-01-01T00:00:00Z,0
Russell Wilson,QB,NYG,207.6,171.8,171.8,171.8,18.08,18.08,18.08,2025-01-01T00:00:00Z,8
Will Shipley,RB,PHI,208.9,54.0,44.0,49.0,3.27,2.67,2.97,2025-01-01T00:00:00Z,0
Kareem Hunt,RB,KC,209.1,84.7,66.7,75.7,5.84,4.6,5.22,2025-01-01T00:00:00Z,0
MarShawn Lloyd,RB,GB,213.0,76.47,63.77,70.12,5.27,4.4,4.84,2025-01-01T00:00:00Z,0
Alec Pierce,WR,IND,213.8,107.03,77.03,92.03,6.49,4.67,5.58,2025-01-01T00:00:00Z,0
Jarquez Hunter,RB,LAR,217.0,52.04,43.74,47.89,3.59,3.02,3.3,2025-01-01T00:00:00Z,0
DeAndre Hopkins,WR,BLT,218.0,97.2,65.9,81.55,6.08,4.12,5.1,2025-01-01T00:00:00Z,0
Jacory Croskey-Merritt,RB,WAS,218.1,108.76,92.76,100.76,6.59,5.62,6.11,2025-01-01T00:00:00Z,0
Mason Taylor,TE,NYJ,219.3,122.33,69.63,95.98,7.41,4.22,5.82,2025-01-01T00:00:00Z,0
Pat Bryant,WR,DEN,219.7,68.4,42.9,55.65,4.72,2.96,3.84,2025-01-01T00:00:00Z,0
Daniel Jones,QB,IND,221.0,225.59,225.59,225.59,19.62,19.62,19.62,2025-01-01T00:00:00Z,8
Brashard Smith,RB,KC,221.2,34.75,23.75,29.25,2.57,1.76,2.17,2025-01-01T00:00:00Z,0
DJ Giddens,RB,IND,225.0,40.0,32.3,36.15,2.42,1.96,2.19,2025-01-01T00:00:00Z,0
Jaylin Noel,WR,HST,226.9,69.25,43.75,56.5,4.2,2.65,3.42,2025-01-01T00:00:00Z,0
Michael Wilson,WR,ARZ,229.3,127.27,80.57,103.92,7.71,4.88,6.3,2025-01-01T00:00:00Z,0
Devin Neal,RB,NO,230.2,42.47,35.47,38.97,2.57,2.15,2.36,2025-01-01T00:00:00Z,0
Andrei Iosivas,WR,CIN,232.8,88.83,58.83,73.83,5.38,3.57,4.47,2025-01-01T00:00:00Z,0
Dalton Schultz,TE,HST,233.0,120.57,70.87,95.72,7.31,4.3,5.8,2025-01-01T00:00:00Z,0
Woody Marks,RB,HST,233.2,65.7,46.2,55.95,4.53,3.19,3.86,2025-01-01T00:00:00Z,0
Miles Sanders,RB,DAL,235.6,85.34,70.64,77.99,5.33,4.42,4.87,2025-01-01T00:00:00Z,0
Keaton Mitchell,RB,BLT,236.8,54.0,47.0,50.5,3.38,2.94,3.16,2025-01-01T00:00:00Z,0
Jaxson Dart,QB,NYG,237.8,67.33,67.33,67.33,10.36,10.36,10.36,2025-01-01T00:00:00Z,8
Cole Kmet,TE,CHI,237.9,66.07,39.07,52.57,4.0,2.37,3.19,2025-01-01T00:00:00Z,0
Tahj Brooks,RB,CIN,238.0,49.9,41.6,45.75,3.02,2.52,2.77,2025-01-01T00:00:00Z,0
Juwan Johnson,TE,NO,238.5,119.13,69.43,94.28,7.22,4.21,5.71,2025-01-01T00:00:00Z,0
Noah Gray,TE,KC,238.7,77.0,46.3,61.65,4.67,2.81,3.74,2025-01-01T00:00:00Z,0
Tyler Shough,QB,NO,240.3,154.08,154.08,154.08,14.67,14.67,14.67,2025-01-01T00:00:00Z,0
Carson Steele,RB,KC,241.0,15.57,10.87,13.22,1.25,0.87,1.06,2025-01-01T00:00:00Z,0
Raheim Sanders,RB,LAC,241.0,5.6,3.6,4.6,0.7,0.45,0.57,2025-01-01T00:00:00Z,0
Jake Bobo,WR,SEA,241.0,13.95,8.95,11.45,0.85,0.54,0.69,2025-01-01T00:00:00Z,0
Rasheen Ali,RB,BLT,241.1,15.35,12.85,14.1,1.06,0.89,0.97,2025-01-01T00:00:00Z,0
Mecole Hardman,WR,GB,241.1,2.8,0.8,1.8,0.35,0.1,0.23,2025-01-01T00:00:00Z,0
Trent Sherfield,WR,DEN,241.1,4.1,2.1,3.1,0.33,0.17,0.25,2025-01-01T00:00:00Z,0
Mitchell Tinsley,WR,CIN,241.1,4.3,2.3,3.3,0.25,0.14,0.19,2025-01-01T00:00:00Z,0
Julian Hill,TE,MIA,241.1,34.25,18.75,26.5,2.01,1.1,1.56,2025-01-01T00:00:00Z,0
Brandon Allen,QB,TEN,241.2,8.7,8.7,8.7,0.0,0.0,0.0,2025-01-01T00:00:00Z,0
Trey Lance,QB,LAC,241.2,9.94,9.94,9.94,9.94,9.94,9.94,2025-01-01T00:00:00Z,0
Kyle Juszczyk,RB,SF,241.2,38.77,23.77,31.27,2.35,1.44,1.9,2025-01-01T00:00:00Z,0
Ty Chandler,RB,MIN,241.2,19.35,14.35,16.85,1.17,0.87,1.02,2025-01-01T00:00:00Z,0
Dylan Laube,RB,LV,241.2,3.6,2.1,2.85,0.29,0.17,0.23,2025-01-01T00:00:00Z,0
David Moore,WR,CAR,241.2,6.55,3.55,5.05,0.52,0.28,0.4,2025-01-01T00:00:00Z,0
Jamal Agnew,WR,ATL,241.2,8.4,4.4,6.4,0.49,0.26,0.38,2025-01-01T00:00:00Z,0
Derius Davis,WR,LAC,241.2,8.65,5.65,7.15,0.52,0.34,0.43,2025-01-01T00:00:00Z,0
Michael Gallup,WR,WAS,241.2,6.8,3.8,5.3,0.4,0.22,0.31,2025-01-01T00:00:00Z,0
DeAndre Carter,WR,CLV,241.2,5.3,2.3,3.8,0.42,0.18,0.3,2025-01-01T00:00:00Z,0
Elic Ayomanor,WR,TEN,241.2,74.9,46.4,60.65,5.17,3.2,4.18,2025-01-01T00:00:00Z,0
Josh Whyle,TE,TEN,241.2,40.3,22.3,31.3,2.37,1.31,1.84,2025-01-01T00:00:00Z,0
Daniel Bellinger,TE,NYG,241.2,14.7,6.7,10.7,0.86,0.39,0.63,2025-01-01T00:00:00Z,0
Luke Lachey,TE,HST,241.2,28.2,17.2,22.7,0.0,0.0,0.0,2025-01-01T00:00:00Z,0
Elijah Higgins,TE,ARZ,241.2,34.85,21.35,28.1,2.05,1.26,1.65,2025-01-01T00:00:00Z,0
Nate Adkins,TE,DEN,241.2,33.1,21.1,27.1,0.0,0.0,0.0,2025-01-01T00:00:00Z,0
Jake Haener,QB,NO,241.3,9.78,9.78,9.78,0.0,0.0,0.0,2025-01-01T00:00:00Z,0
Charlie Woerner,TE,ATL,241.3,23.8,14.8,19.3,1.4,0.87,1.14,2025-01-01T00:00:00Z,0
Charlie Kolar,TE,BLT,241.3,18.1,11.6,14.85,1.06,0.68,0.87,2025-01-01T00:00:00Z,0
Brock Wright,TE,DET,241.3,40.5,25.5,33.0,2.38,1.5,1.94,2025-01-01T00:00:00Z,0
Deshaun Watson,QB,CLV,241.4,12.32,12.32,12.32,12.32,12.32,12.32,2025-01-01T00:00:00Z,0
Drew Lock,QB,SEA,241.4,9.96,9.96,9.96,0.0,0.0,0.0,2025-01-01T00:00:00Z,0
Michael Carter,RB,ARZ,241.4,9.4,6.4,7.9,0.59,0.4,0.49,2025-01-01T00:00:00Z,0
Clyde Edwards-Helaire,RB,NO,241.4,23.9,19.4,21.65,1.91,1.55,1.73,2025-01-01T00:00:00Z,0
Xavier Hutchinson,WR,HST,241.4,4.1,2.1,3.1,0.24,0.12,0.18,2025-01-01T00:00:00Z,0
Kalif Raymond,WR,DET,241.4,30.75,19.25,25.0,1.86,1.17,1.52,2025-01-01T00:00:00Z,0
Johnny Wilson,WR,PHI,241.4,14.7,9.7,12.2,1.01,0.67,0.84,2025-01-01T00:00:00Z,0
Lil'Jordan Humphrey,WR,NYG,241.4,8.4,4.4,6.4,1.05,0.55,0.8,2025-01-01T00:00:00Z,0
Robert Tonyan,TE,KC,241.4,28.9,16.9,22.9,0.0,0.0,0.0,2025-01-01T00:00:00Z,0
Hunter Long,TE,JAX,241.4,51.3,27.3,39.3,0.0,0.0,0.0,2025-01-01T00:00:00Z,0
Zavier Scott,RB,MIN,241.5,27.2,24.2,25.7,0.0,0.0,0.0,2025-01-01T00:00:00Z,0
Justin Watson,WR,HST,241.5,8.1,4.6,6.35,0.56,0.32,0.44,2025-01-01T00:00:00Z,0
Jelani Woods,TE,IND,241.5,55.4,39.4,47.4,0.0,0.0,0.0,2025-01-01T00:00:00Z,0
Case Keenum,QB,CHI,241.6,10.28,10.28,10.28,0.0,0.0,0.0,2025-01-01T00:00:00Z,0
Dare Ogunbowale,RB,HST,241.6,13.5,8.0,10.75,0.93,0.55,0.74,2025-01-01T00:00:00Z,0
Luke Farrell,TE,SF,241.6,7.9,3.9,5.9,0.46,0.23,0.35,2025-01-01T00:00:00Z,0
Jamari Thrash,WR,CLV,241.7,67.2,39.2,53.2,3.95,2.31,3.13,2025-01-01T00:00:00Z,0
Jalen Coker,WR,CAR,241.9,92.64,58.94,75.79,5.61,3.57,4.59,2025-01-01T00:00:00Z,0
Colby Parkinson,TE,LAR,241.9,28.0,17.0,22.5,1.65,1.0,1.32,2025-01-01T00:00:00Z,0
Jeremy Ruckert,TE,NYJ,241.9,32.3,16.3,24.3,1.9,0.96,1.43,2025-01-01T00:00:00Z,0
Darnell Washington,TE,PIT,241.9,31.95,17.45,24.7,1.88,1.03,1.45,2025-01-01T00:00:00Z,0
Kendrick Bourne,WR,NE,242.1,8.95,4.95,6.95,0.72,0.4,0.56,2025-01-01T00:00:00Z,0
Van Jefferson,WR,TEN,242.2,46.35,29.85,38.1,2.81,1.81,2.31,2025-01-01T00:00:00Z,0
Kalel Mullings,RB,TEN,242.3,17.85,14.85,16.35,1.23,1.02,1.13,2025-01-01T00:00:00Z,0
Chris Brooks,RB,GB,242.3,24.8,20.8,22.8,1.98,1.66,1.82,2025-01-01T00:00:00Z,0
Hendon Hooker,QB,DET,242.4,12.34,12.34,12.34,0.0,0.0,0.0,2025-01-01T00:00:00Z,0
Will Howard,QB,PIT,242.5,9.36,9.36,9.36,0.0,0.0,0.0,2025-01-01T00:00:00Z,0
Jonathan Mingo,WR,DAL,242.5,11.4,6.4,8.9,0.88,0.49,0.68,2025-01-01T00:00:00Z,0
Tyson Bagent,QB,CHI,242.7,11.98,11.98,11.98,0.0,0.0,0.0,2025-01-01T00:00:00Z,0
Malachi Corley,WR,NYJ,242.7,31.75,20.25,26.0,1.92,1.23,1.58,2025-01-01T00:00:00Z,0
Tank Dell,WR,HST,242.8,4.4,2.4,3.4,0.73,0.4,0.57,2025-01-01T00:00:00Z,0
Devontez Walker,WR,BLT,242.8,13.45,9.45,11.45,0.93,0.65,0.79,2025-01-01T00:00:00Z,0
Kyle Trask,QB,TB,243.1,7.86,7.86,7.86,0.0,0.0,0.0,2025-01-01T00:00:00Z,0
Jordan Watkins,WR,SF,243.1,7.35,4.85,6.1,0.59,0.39,0.49,2025-01-01T00:00:00Z,0
Craig Reynolds,RB,DET,243.3,6.65,4.65,5.65,0.4,0.28,0.34,2025-01-01T00:00:00Z,0
Aidan O'Connell,QB,LV,243.5,11.96,11.96,11.96,0.0,0.0,0.0,2025-01-01T00:00:00Z,0
Kendre Miller,RB,NO,243.5,78.23,67.93,73.08,5.05,4.38,4.71,2025-01-01T00:00:00Z,0
Robert Woods,WR,PIT,243.5,34.7,20.7,27.7,2.1,1.25,1.68,2025-01-01T00:00:00Z,0
Dyami Brown,WR,JAX,243.5,108.77,69.07,88.92,6.59,4.19,5.39,2025-01-01T00:00:00Z,0
Emari Demercado,RB,ARZ,243.6,30.1,20.8,25.45,1.82,1.26,1.54,2025-01-01T00:00:00Z,0
Zay Jones,WR,ARZ,243.6,30.65,19.15,24.9,2.45,1.53,1.99,2025-01-01T00:00:00Z,0
Foster Moreau,TE,NO,243.6,81.55,52.55,67.05,4.8,3.09,3.94,2025-01-01T00:00:00Z,0
Nick Mullens,QB,JAX,243.7,9.98,9.98,9.98,0.0,0.0,0.0,2025-01-01T00:00:00Z,0
Tez Johnson,WR,TB,243.7,8.95,4.95,6.95,0.72,0.4,0.56,2025-01-01T00:00:00Z,0
Cade Stover,TE,HST,243.7,48.7,28.7,38.7,2.95,1.74,2.35,2025-01-01T00:00:00Z,0
Quinn Ewers,QB,MIA,243.8,9.94,9.94,9.94,0.0,0.0,0.0,2025-01-01T00:00:00Z,0
Tommy Tremble,TE,CAR,243.8,60.3,36.8,48.55,3.55,2.16,2.86,2025-01-01T00:00:00Z,0
Chimere Dike,WR,TEN,244.4,53.5,34.5,44.0,3.69,2.38,3.03,2025-01-01T00:00:00Z,0
Ja'Tavion Sanders,TE,CAR,244.4,103.03,58.73,80.88,6.24,3.56,4.9,2025-01-01T00:00:00Z,0
Gardner Minshew,QB,KC,244.6,6.18,6.18,6.18,0.36,0.36,0.36,2025-01-01T00:00:00Z,0
Jeremy McNichols,RB,WAS,244.7,15.8,13.1,14.45,1.26,1.05,1.16,2025-01-01T00:00:00Z,0
Tyler Goodson,RB,IND,244.7,24.8,20.1,22.45,1.5,1.22,1.36,2025-01-01T00:00:00Z,0
Andy Dalton,QB,CAR,244.8,9.3,9.3,9.3,0.0,0.0,0.0,2025-01-01T00:00:00Z,0
Zach Wilson,QB,MIA,244.8,13.22,13.22,13.22,0.0,0.0,0.0,2025-01-01T00:00:00Z,0
Johnny Mundt,TE,JAX,244.9,32.0,18.0,25.0,1.88,1.06,1.47,2025-01-01T00:00:00Z,0
JuJu Smith-Schuster,WR,KC,245.1,31.85,19.35,25.6,2.55,1.55,2.05,2025-01-01T00:00:00Z,0
Zamir White,RB,LV,245.5,21.8,18.8,20.3,2.73,2.35,2.54,2025-01-01T00:00:00Z,0
Jacob Cowing,WR,SF,245.5,5.0,3.0,4.0,0.29,0.18,0.24,2025-01-01T00:00:00Z,0
Hunter Renfrow,WR,CAR,245.6,9.7,4.7,7.2,0.78,0.38,0.58,2025-01-01T00:00:00Z,0
Jalin Hyatt,WR,NYG,245.7,20.8,13.3,17.05,1.66,1.06,1.36,2025-01-01T00:00:00Z,0
Jarrett Stidham,QB,DEN,245.9,11.66,11.66,11.66,0.0,0.0,0.0,2025-01-01T00:00:00Z,0
Joshua Dobbs,QB,NE,246.0,11.23,11.23,11.23,11.23,11.23,11.23,2025-01-01T00:00:00Z,0
Raheem Mostert,RB,LV,246.1,74.47,58.17,66.32,4.65,3.64,4.14,2025-01-01T00:00:00Z,0
Josh Oliver,TE,MIN,246.1,56.93,35.23,46.08,3.45,2.14,2.79,2025-01-01T00:00:00Z,0
Darren Waller,TE,MIA,246.1,131.37,79.07,105.22,8.21,4.94,6.58,2025-01-01T00:00:00Z,0
Dillon Gabriel,QB,CLV,246.4,35.93,35.93,35.93,10.27,10.27,10.27,2025-01-01T00:00:00Z,0
Tanner McKee,QB,PHI,246.5,10.1,10.1,10.1,0.0,0.0,0.0,2025-01-01T00:00:00Z,0
Davis Mills,QB,HST,246.6,11.64,11.64,11.64,0.0,0.0,0.0,2025-01-01T00:00:00Z,0
Grant Calcaterra,TE,PHI,246.6,34.45,21.45,27.95,2.03,1.26,1.64,2025-01-01T00:00:00Z,0
Tyrod Taylor,QB,NYJ,246.8,18.42,18.42,18.42,9.21,9.21,9.21,2025-01-01T00:00:00Z,0
Arian Smith,WR,NYJ,247.2,27.8,16.8,22.3,1.92,1.16,1.54,2025-01-01T00:00:00Z,0
Olamide Zaccheaus,WR,CHI,247.6,29.0,18.0,23.5,1.76,1.09,1.42,2025-01-01T00:00:00Z,0
Darius Slayton,WR,NYG,247.9,109.16,72.46,90.81,6.62,4.39,5.5,2025-01-01T00:00:00Z,0
Jacoby Brissett,QB,ARZ,248.1,12.74,12.74,12.74,0.0,0.0,0.0,2025-01-01T00:00:00Z,0
Theo Johnson,TE,NYG,248.3,115.33,69.03,92.18,6.99,4.18,5.59,2025-01-01T00:00:00Z,0
Dontayvion Wicks,WR,GB,248.5,70.7,46.7,58.7,4.28,2.83,3.56,2025-01-01T00:00:00Z,0
Gunnar Helm,TE,TEN,248.9,45.47,25.47,35.47,2.76,1.54,2.15,2025-01-01T00:00:00Z,0
Elijah Arroyo,TE,SEA,249.3,92.37,54.07,73.22,7.39,4.33,5.86,2025-01-01T00:00:00Z,0
KeAndre Lambert-Smith,WR,LAC,249.7,17.05,11.05,14.05,1.03,0.67,0.85,2025-01-01T00:00:00Z,0
Jaylin Lane,WR,WAS,249.7,29.3,19.3,24.3,1.72,1.14,1.43,2025-01-01T00:00:00Z,0
Kyle Monangai,RB,CHI,250.1,44.3,39.3,41.8,3.06,2.71,2.88,2025-01-01T00:00:00Z,0
Tai Felton,WR,MIN,250.1,48.45,30.95,39.7,3.34,2.13,2.74,2025-01-01T00:00:00Z,0
Sincere McCormick,RB,LV,250.2,24.2,19.2,21.7,1.42,1.13,1.28,2025-01-01T00:00:00Z,0
LeQuint Allen,RB,JAX,250.6,1.7,1.7,1.7,0.1,0.1,0.1,2025-01-01T00:00:00Z,0
Joe Flacco,QB,CLV,251.2,130.65,130.65,130.65,15.37,15.37,15.37,2025-01-01T00:00:00Z,0
Tyler Higbee,TE,LAR,251.9,115.53,69.23,92.38,7.22,4.33,5.77,2025-01-01T00:00:00Z,0
Cooper Rush,QB,BLT,252.4,11.92,11.92,11.92,0.0,0.0,0.0,2025-01-01T00:00:00Z,0
Marcus Mariota,QB,WAS,253.3,12.79,12.79,12.79,12.79,12.79,12.79,2025-01-01T00:00:00Z,0
Jake Browning,QB,CIN,254.3,10.5,10.5,10.5,1.17,1.17,1.17,2025-01-01T00:00:00Z,0
Kenny Pickett,QB,CLV,254.6,26.35,26.35,26.35,8.78,8.78,8.78,2025-01-01T00:00:00Z,0
Parker Washington,WR,JAX,254.6,60.5,36.0,48.25,3.67,2.18,2.92,2025-01-01T00:00:00Z,0
Isaiah Bond,WR,CLV,254.6,8.0,4.0,6.0,0.47,0.24,0.35,2025-01-01T00:00:00Z,0
Mason Rudolph,QB,PIT,255.2,11.88,11.88,11.88,0.0,0.0,0.0,2025-01-01T00:00:00Z,0
Sam Howell,QB,MIN,255.2,13.42,13.42,13.42,13.42,13.42,13.42,2025-01-01T00:00:00Z,0
Jimmy Garoppolo,QB,LAR,255.3,14.95,14.95,14.95,1.66,1.66,1.66,2025-01-01T00:00:00Z,0
Jalen Tolbert,WR,DAL,255.5,99.03,64.73,81.88,6.0,3.92,4.96,2025-01-01T00:00:00Z,0
Cam Akers,RB,NO,255.7,5.6,4.6,5.1,0.7,0.57,0.64,2025-01-01T00:00:00Z,0
Luke Schoonmaker,TE,DAL,256.0,34.35,19.35,26.85,2.02,1.14,1.58,2025-01-01T00:00:00Z,0
Greg Dortch,WR,ARZ,256.2,79.77,47.47,63.62,4.83,2.88,3.86,2025-01-01T00:00:00Z,0
Tyler Lockett,WR,TEN,256.2,108.1,66.1,87.1,6.55,4.01,5.28,2025-01-01T00:00:00Z,0
Shedeur Sanders,QB,CLV,256.4,30.29,30.29,30.29,10.1,10.1,10.1,2025-01-01T00:00:00Z,0
Kimani Vidal,RB,LAC,256.7,5.45,3.45,4.45,0.44,0.28,0.36,2025-01-01T00:00:00Z,0
Curtis Samuel,WR,BUF,256.9,67.9,41.6,54.75,4.12,2.52,3.32,2025-01-01T00:00:00Z,0
Tory Horton,WR,SEA,257.0,86.97,53.67,70.32,6.0,3.7,4.85,2025-01-01T00:00:00Z,0
Mac Jones,QB,SF,257.1,11.28,11.28,11.28,0.0,0.0,0.0,2025-01-01T00:00:00Z,0
Jordan James,RB,SF,257.6,29.46,26.16,27.81,2.03,1.8,1.92,2025-01-01T00:00:00Z,0
Tre Tucker,WR,LV,257.7,80.67,52.37,66.52,4.89,3.17,4.03,2025-01-01T00:00:00Z,0
Jaleel McLaughlin,RB,DEN,257.9,23.15,17.15,20.15,1.4,1.04,1.22,2025-01-01T00:00:00Z,0
Jalen Royals,WR,KC,257.9,34.85,21.85,28.35,2.11,1.32,1.72,2025-01-01T00:00:00Z,0
Kirk Cousins,QB,ATL,258.2,8.72,8.72,8.72,0.0,0.0,0.0,2025-01-01T00:00:00Z,0
Malik Willis,QB,GB,258.4,12.88,12.88,12.88,12.88,12.88,12.88,2025-01-01T00:00:00Z,0
Mack Hollins,WR,NE,258.7,26.8,17.8,22.3,1.62,1.08,1.35,2025-01-01T00:00:00Z,0
Savion Williams,WR,GB,258.9,27.15,18.15,22.65,1.87,1.25,1.56,2025-01-01T00:00:00Z,0
Sean Tucker,RB,TB,259.4,38.37,33.07,35.72,2.33,2.0,2.16,2025-01-01T00:00:00Z,0
Damien Martinez,RB,SEA,259.6,17.95,14.95,16.45,1.24,1.03,1.13,2025-01-01T00:00:00Z,0
Audric Estime,RB,DEN,260.5,27.6,25.1,26.35,1.62,1.48,1.55,2025-01-01T00:00:00Z,0
Tyler Conklin,TE,LAC,260.6,71.4,41.7,56.55,4.33,2.53,3.43,2025-01-01T00:00:00Z,0
Adonai Mitchell,WR,IND,261.1,82.77,53.77,68.27,5.02,3.26,4.14,2025-01-01T00:00:00Z,0
Jermaine Burton,WR,CIN,261.7,65.8,44.3,55.05,3.99,2.68,3.34,2025-01-01T00:00:00Z,0
Khalil Herbert,RB,IND,261.8,39.8,32.8,36.3,2.34,1.93,2.14,2025-01-01T00:00:00Z,0
Elijah Mitchell,RB,KC,262.2,56.66,47.36,52.01,3.91,3.27,3.59,2025-01-01T00:00:00Z,0
Jahan Dotson,WR,PHI,262.2,31.9,19.9,25.9,1.93,1.21,1.57,2025-01-01T00:00:00Z,0
Allen Lazard,WR,NYJ,262.3,71.0,46.3,58.65,4.3,2.81,3.55,2025-01-01T00:00:00Z,0
Spencer Rattler,QB,NO,263.1,88.61,88.61,88.61,13.63,13.63,13.63,2025-01-01T00:00:00Z,0
Luke McCaffrey,WR,WAS,263.1,34.6,20.6,27.6,2.39,1.42,1.9,2025-01-01T00:00:00Z,0
KaVontae Turpin,WR,DAL,263.3,82.2,55.2,68.7,5.14,3.45,4.29,2025-01-01T00:00:00Z,0
Kenneth Gainwell,RB,PIT,263.5,52.67,38.67,45.67,3.19,2.34,2.77,2025-01-01T00:00:00Z,0
Jalen Nailor,WR,MIN,263.9,87.9,59.9,73.9,5.33,3.63,4.48,2025-01-01T00:00:00Z,0
Tutu Atwell,WR,LAR,263.9,102.93,63.93,83.43,6.24,3.87,5.06,2025-01-01T00:00:00Z,0
AJ Barner,TE,SEA,264.2,75.65,43.65,59.65,4.73,2.73,3.73,2025-01-01T00:00:00Z,0
Roman Wilson,WR,PIT,264.4,68.3,43.8,56.05,4.14,2.65,3.4,2025-01-01T00:00:00Z,0
Dameon Pierce,RB,HST,265.6,44.3,35.3,39.8,2.77,2.21,2.49,2025-01-01T00:00:00Z,0
Jameis Winston,QB,NYG,265.8,19.62,19.62,19.62,9.81,9.81,9.81,2025-01-01T00:00:00Z,0
Noah Brown,WR,WAS,266.1,84.33,52.63,68.48,5.11,3.19,4.15,2025-01-01T00:00:00Z,0
Diontae Johnson,WR,CLV,267.0,72.4,43.4,57.9,4.99,2.99,3.99,2025-01-01T00:00:00Z,0
Ray-Ray McCloud,WR,ATL,267.2,102.03,60.03,81.03,6.18,3.64,4.91,2025-01-01T00:00:00Z,0
Luke Musgrave,TE,GB,267.4,43.83,25.83,34.83,2.66,1.57,2.11,2025-01-01T00:00:00Z,0
Austin Hooper,TE,NE,267.9,61.73,36.73,49.23,3.74,2.23,2.98,2025-01-01T00:00:00Z,0
Isaac TeSlaa,WR,DET,268.1,32.0,21.5,26.75,2.21,1.48,1.84,2025-01-01T00:00:00Z,0
Noah Fant,TE,CIN,268.7,89.2,51.9,70.55,5.41,3.15,4.28,2025-01-01T00:00:00Z,0
Terrance Ferguson,TE,LAR,268.9,55.63,33.93,44.78,3.37,2.06,2.71,2025-01-01T00:00:00Z,0
Jalen Milroe,QB,SEA,269.3,33.31,33.31,33.31,6.66,6.66,6.66,2025-01-01T00:00:00Z,0
Xavier Restrepo,WR,TEN,269.3,26.7,16.7,21.7,2.23,1.39,1.81,2025-01-01T00:00:00Z,0
Christian Watson,WR,GB,269.4,70.4,50.4,60.4,7.04,5.04,6.04,2025-01-01T00:00:00Z,0
Taysom Hill,TE,NO,270.0,70.4,37.4,53.9,0.0,0.0,0.0,2025-01-01T00:00:00Z,0
Josh Reynolds,WR,NYJ,270.3,101.35,67.35,84.35,5.96,3.96,4.96,2025-01-01T00:00:00Z,0
Troy Franklin,WR,DEN,270.7,70.7,47.7,59.2,4.28,2.89,3.59,2025-01-01T00:00:00Z,0
Ben Sinnott,TE,WAS,271.3,56.25,34.25,45.25,3.41,2.08,2.74,2025-01-01T00:00:00Z,0
Tim Patrick,WR,DET,271.4,55.05,35.55,45.3,3.55,2.29,2.92,2025-01-01T00:00:00Z,0
Isaiah Davis,RB,NYJ,271.5,28.03,22.73,25.38,1.7,1.38,1.54,2025-01-01T00:00:00Z,0
Dawson Knox,TE,BUF,271.6,47.77,30.07,38.92,2.9,1.82,2.36,2025-01-01T00:00:00Z,0
Antonio Gibson,RB,NE,271.8,48.1,35.1,41.6,2.92,2.13,2.52,2025-01-01T00:00:00Z,0
Jordan Whittington,WR,LAR,271.8,83.1,52.1,67.6,5.04,3.16,4.1,2025-01-01T00:00:00Z,0
Trevor Etienne,RB,CAR,272.9,47.46,36.76,42.11,3.27,2.54,2.9,2025-01-01T00:00:00Z,0
Ty Johnson,RB,BUF,274.0,71.57,56.57,64.07,4.34,3.43,3.88,2025-01-01T00:00:00Z,0
Emanuel Wilson,RB,GB,274.1,34.36,27.06,30.71,2.08,1.64,1.86,2025-01-01T00:00:00Z,0
Kayshon Boutte,WR,NE,274.1,77.93,50.63,64.28,4.72,3.07,3.9,2025-01-01T00:00:00Z,0
Samaje Perine,RB,CIN,274.4,62.93,45.63,54.28,4.34,3.15,3.74,2025-01-01T00:00:00Z,0
Malik Washington,WR,MIA,274.6,61.5,36.5,49.0,3.73,2.21,2.97,2025-01-01T00:00:00Z,0
Devin Singletary,RB,NYG,275.1,42.23,34.23,38.23,2.56,2.07,2.32,2025-01-01T00:00:00Z,0
Michael Mayer,TE,LV,275.3,69.37,38.67,54.02,4.2,2.34,3.27,2025-01-01T00:00:00Z,0
Nick Westbrook-Ikhine,WR,MIA,275.6,103.44,70.14,86.79,6.27,4.25,5.26,2025-01-01T00:00:00Z,0
Demarcus Robinson,WR,SF,275.7,64.63,44.93,54.78,3.92,2.72,3.32,2025-01-01T00:00:00Z,0
Marquez Valdes-Scantling,WR,SEA,276.5,66.16,46.16,56.16,4.01,2.8,3.4,2025-01-01T00:00:00Z,0
Elijah Moore,WR,BUF,277.0,29.35,18.35,23.85,2.02,1.27,1.64,2025-01-01T00:00:00Z,0
Brandin Cooks,WR,NO,277.6,112.53,69.83,91.18,7.03,4.36,5.7,2025-01-01T00:00:00Z,0
Will Dissly,TE,LAC,277.9,82.83,47.53,65.18,5.02,2.88,3.95,2025-01-01T00:00:00Z,0
